<?xml version="1.0" encoding="UTF-8" standalone="yes"?>
<graph label="small example b" 
    xmlns:dc="http://purl.org/dc/elements/1.1/" 
    xmlns:xlink="http://www.w3.org/1999/xlink" 
    xmlns:rdf="http://www.w3.org/1999/02/22-rdf-syntax-ns#" 
    xmlns:cy="http://www.cytoscape.org" 
    xmlns="http://www.cs.rpi.edu/XGMML"  
    directed="0"><node label="0" id="0">
</node><node label="1" id="1">
</node><node label="2" id="2">
</node><node label="3" id="3">
</node><node label="4" id="4">
</node><node label="5" id="5">
</node><node label="6" id="6">
</node><node label="7" id="7">
</node><node label="8" id="8">
</node><node label="9" id="9">
</node><node label="10" id="10">
</node><node label="11" id="11">
</node><node label="12" id="12">
</node><node label="13" id="13">
</node><node label="14" id="14">
</node><node label="15" id="15">
</node><node label="16" id="16">
</node><node label="17" id="17">
</node><node label="18" id="18">
</node><node label="19" id="19">
</node><node label="20" id="20">
</node><node label="21" id="21">
</node><node label="22" id="22">
</node><node label="23" id="23">
</node><node label="24" id="24">
</node><edge label="0 - 1" source="0" target="1" >
</edge><edge label="0 - 2" source="0" target="2" >
</edge><edge label="0 - 5" source="0" target="5" >
</edge><edge label="0 - 6" source="0" target="6" >
</edge><edge label="0 - 7" source="0" target="7" >
</edge><edge label="0 - 8" source="0" target="8" >
</edge><edge label="0 - 10" source="0" target="10" >
</edge><edge label="0 - 15" source="0" target="15" >
</edge><edge label="0 - 18" source="0" target="18" >
</edge><edge label="0 - 20" source="0" target="20" >
</edge><edge label="0 - 22" source="0" target="22" >
</edge><edge label="3 - 13" source="3" target="13" >
</edge><edge label="11 - 18" source="11" target="18" >
</edge><edge label="2 - 18" source="2" target="18" >
</edge><edge label="9 - 23" source="9" target="23" >
</edge>
<edge label="1 - 3" source="1" target="3" >
</edge><edge label="1 - 4" source="1" target="4" >
</edge><edge label="1 - 9" source="1" target="9" >
</edge><edge label="1 - 12" source="1" target="12" >
</edge><edge label="1 - 13" source="1" target="13" >
</edge><edge label="1 - 16" source="1" target="16" >
</edge><edge label="1 - 17" source="1" target="17" >
</edge>
<edge label="1 - 21" source="1" target="21" >
</edge><edge label="1 - 24" source="1" target="24" >
</edge><edge label="2 - 11" source="2" target="11" >
</edge><edge label="3 - 19" source="3" target="19" >
</edge><edge label="12 - 23" source="12" target="23" >
</edge>
<edge label="0 - 14" source="0" target="14" ></edge>
</graph>
